"Any","Codi_Districte","Nom_Districte","Codi_Barri","Nom_Barri","Seccio_Censal","Import_Euros"
2017,1,"Ciutat Vella",1,"el Raval",1,10614
2017,1,"Ciutat Vella",1,"el Raval",2,8155
2017,1,"Ciutat Vella",1,"el Raval",3,8179
2017,1,"Ciutat Vella",1,"el Raval",4,10250
2017,1,"Ciutat Vella",1,"el Raval",5,8159
2017,1,"Ciutat Vella",1,"el Raval",6,9543
2017,1,"Ciutat Vella",1,"el Raval",7,8948
2017,1,"Ciutat Vella",1,"el Raval",8,6991
2017,1,"Ciutat Vella",1,"el Raval",9,8450
2017,1,"Ciutat Vella",1,"el Raval",10,7697
2017,1,"Ciutat Vella",1,"el Raval",11,7190
2017,1,"Ciutat Vella",1,"el Raval",12,9296
2017,1,"Ciutat Vella",1,"el Raval",13,9985
2017,1,"Ciutat Vella",1,"el Raval",14,9222
2017,1,"Ciutat Vella",1,"el Raval",15,8992
2017,1,"Ciutat Vella",1,"el Raval",16,8594
2017,1,"Ciutat Vella",1,"el Raval",17,8375
2017,1,"Ciutat Vella",1,"el Raval",18,8730
2017,1,"Ciutat Vella",1,"el Raval",19,8434
2017,1,"Ciutat Vella",1,"el Raval",20,14076
2017,1,"Ciutat Vella",1,"el Raval",21,13108
2017,1,"Ciutat Vella",2,"el Gòtic",22,15707
2017,1,"Ciutat Vella",2,"el Gòtic",23,13676
2017,1,"Ciutat Vella",2,"el Gòtic",25,12871
2017,1,"Ciutat Vella",2,"el Gòtic",26,11523
2017,1,"Ciutat Vella",2,"el Gòtic",27,12440
2017,1,"Ciutat Vella",2,"el Gòtic",28,11457
2017,1,"Ciutat Vella",2,"el Gòtic",29,10519
2017,1,"Ciutat Vella",2,"el Gòtic",30,10307
2017,1,"Ciutat Vella",2,"el Gòtic",31,11019
2017,1,"Ciutat Vella",3,"la Barceloneta",32,13273
2017,1,"Ciutat Vella",3,"la Barceloneta",33,10950
2017,1,"Ciutat Vella",3,"la Barceloneta",34,11195
2017,1,"Ciutat Vella",3,"la Barceloneta",35,10622
2017,1,"Ciutat Vella",3,"la Barceloneta",36,11623
2017,1,"Ciutat Vella",3,"la Barceloneta",37,11289
2017,1,"Ciutat Vella",3,"la Barceloneta",38,10227
2017,1,"Ciutat Vella",3,"la Barceloneta",39,12013
2017,1,"Ciutat Vella",3,"la Barceloneta",40,12215
2017,1,"Ciutat Vella",3,"la Barceloneta",41,10839
2017,1,"Ciutat Vella",3,"la Barceloneta",42,12209
2017,1,"Ciutat Vella",4,"Sant Pere, Santa Caterina i la Ribera",43,15445
2017,1,"Ciutat Vella",4,"Sant Pere, Santa Caterina i la Ribera",44,14540
2017,1,"Ciutat Vella",4,"Sant Pere, Santa Caterina i la Ribera",45,12453
2017,1,"Ciutat Vella",4,"Sant Pere, Santa Caterina i la Ribera",46,11485
2017,1,"Ciutat Vella",4,"Sant Pere, Santa Caterina i la Ribera",47,11475
2017,1,"Ciutat Vella",4,"Sant Pere, Santa Caterina i la Ribera",48,9599
2017,1,"Ciutat Vella",4,"Sant Pere, Santa Caterina i la Ribera",49,11977
2017,1,"Ciutat Vella",4,"Sant Pere, Santa Caterina i la Ribera",50,12150
2017,1,"Ciutat Vella",4,"Sant Pere, Santa Caterina i la Ribera",51,10159
2017,1,"Ciutat Vella",4,"Sant Pere, Santa Caterina i la Ribera",52,16250
2017,1,"Ciutat Vella",4,"Sant Pere, Santa Caterina i la Ribera",53,11529
2017,1,"Ciutat Vella",4,"Sant Pere, Santa Caterina i la Ribera",54,12840
2017,1,"Ciutat Vella",4,"Sant Pere, Santa Caterina i la Ribera",55,15089
2017,2,"Eixample",5,"el Fort Pienc",1,15417
2017,2,"Eixample",5,"el Fort Pienc",2,15377
2017,2,"Eixample",5,"el Fort Pienc",3,18333
2017,2,"Eixample",5,"el Fort Pienc",4,13366
2017,2,"Eixample",5,"el Fort Pienc",5,17904
2017,2,"Eixample",5,"el Fort Pienc",6,18761
2017,2,"Eixample",5,"el Fort Pienc",7,19053
2017,2,"Eixample",5,"el Fort Pienc",8,17398
2017,2,"Eixample",5,"el Fort Pienc",9,16521
2017,2,"Eixample",5,"el Fort Pienc",10,16014
2017,2,"Eixample",5,"el Fort Pienc",11,18279
2017,2,"Eixample",5,"el Fort Pienc",12,14271
2017,2,"Eixample",5,"el Fort Pienc",13,14346
2017,2,"Eixample",5,"el Fort Pienc",14,13150
2017,2,"Eixample",5,"el Fort Pienc",15,13730
2017,2,"Eixample",5,"el Fort Pienc",16,17476
2017,2,"Eixample",5,"el Fort Pienc",17,17521
2017,2,"Eixample",5,"el Fort Pienc",18,18180
2017,2,"Eixample",5,"el Fort Pienc",19,16261
2017,2,"Eixample",5,"el Fort Pienc",20,14801
2017,2,"Eixample",6,"la Sagrada Família",21,15222
2017,2,"Eixample",6,"la Sagrada Família",22,15372
2017,2,"Eixample",6,"la Sagrada Família",23,16656
2017,2,"Eixample",6,"la Sagrada Família",24,15027
2017,2,"Eixample",6,"la Sagrada Família",25,14286
2017,2,"Eixample",6,"la Sagrada Família",26,15845
2017,2,"Eixample",6,"la Sagrada Família",27,17146
2017,2,"Eixample",6,"la Sagrada Família",28,15838
2017,2,"Eixample",6,"la Sagrada Família",29,15762
2017,2,"Eixample",6,"la Sagrada Família",30,12686
2017,2,"Eixample",6,"la Sagrada Família",31,18169
2017,2,"Eixample",6,"la Sagrada Família",32,16754
2017,2,"Eixample",6,"la Sagrada Família",33,15861
2017,2,"Eixample",6,"la Sagrada Família",34,13484
2017,2,"Eixample",6,"la Sagrada Família",35,16534
2017,2,"Eixample",6,"la Sagrada Família",36,18445
2017,2,"Eixample",6,"la Sagrada Família",37,17832
2017,2,"Eixample",6,"la Sagrada Família",38,17947
2017,2,"Eixample",6,"la Sagrada Família",39,15339
2017,2,"Eixample",6,"la Sagrada Família",40,14881
2017,2,"Eixample",6,"la Sagrada Família",41,16200
2017,2,"Eixample",6,"la Sagrada Família",42,18915
2017,2,"Eixample",6,"la Sagrada Família",43,17255
2017,2,"Eixample",6,"la Sagrada Família",44,14794
2017,2,"Eixample",6,"la Sagrada Família",45,17601
2017,2,"Eixample",6,"la Sagrada Família",46,14398
2017,2,"Eixample",6,"la Sagrada Família",47,16025
2017,2,"Eixample",6,"la Sagrada Família",48,15157
2017,2,"Eixample",6,"la Sagrada Família",49,14250
2017,2,"Eixample",6,"la Sagrada Família",50,15316
2017,2,"Eixample",6,"la Sagrada Família",51,15410
2017,2,"Eixample",6,"la Sagrada Família",52,16228
2017,2,"Eixample",6,"la Sagrada Família",53,16615
2017,2,"Eixample",6,"la Sagrada Família",54,16703
2017,2,"Eixample",7,"la Dreta de l'Eixample",55,17667
2017,2,"Eixample",7,"la Dreta de l'Eixample",56,17141
2017,2,"Eixample",7,"la Dreta de l'Eixample",57,21575
2017,2,"Eixample",7,"la Dreta de l'Eixample",58,19826
2017,2,"Eixample",7,"la Dreta de l'Eixample",59,20515
2017,2,"Eixample",7,"la Dreta de l'Eixample",60,18931
2017,2,"Eixample",7,"la Dreta de l'Eixample",61,16258
2017,2,"Eixample",7,"la Dreta de l'Eixample",62,19945
2017,2,"Eixample",7,"la Dreta de l'Eixample",63,25925
2017,2,"Eixample",7,"la Dreta de l'Eixample",64,22272
2017,2,"Eixample",7,"la Dreta de l'Eixample",65,19139
2017,2,"Eixample",7,"la Dreta de l'Eixample",66,18641
2017,2,"Eixample",7,"la Dreta de l'Eixample",67,16563
2017,2,"Eixample",7,"la Dreta de l'Eixample",68,16980
2017,2,"Eixample",7,"la Dreta de l'Eixample",69,20079
2017,2,"Eixample",7,"la Dreta de l'Eixample",70,19480
2017,2,"Eixample",7,"la Dreta de l'Eixample",71,21082
2017,2,"Eixample",7,"la Dreta de l'Eixample",72,24078
2017,2,"Eixample",7,"la Dreta de l'Eixample",73,20858
2017,2,"Eixample",7,"la Dreta de l'Eixample",74,20896
2017,2,"Eixample",7,"la Dreta de l'Eixample",75,20297
2017,2,"Eixample",7,"la Dreta de l'Eixample",76,21747
2017,2,"Eixample",7,"la Dreta de l'Eixample",77,21540
2017,2,"Eixample",7,"la Dreta de l'Eixample",78,25042
2017,2,"Eixample",7,"la Dreta de l'Eixample",79,23417
2017,2,"Eixample",7,"la Dreta de l'Eixample",80,25328
2017,2,"Eixample",7,"la Dreta de l'Eixample",81,23881
2017,2,"Eixample",7,"la Dreta de l'Eixample",82,22869
2017,2,"Eixample",7,"la Dreta de l'Eixample",83,27554
2017,2,"Eixample",8,"l'Antiga Esquerra de l'Eixample",84,18939
2017,2,"Eixample",8,"l'Antiga Esquerra de l'Eixample",85,20400
2017,2,"Eixample",8,"l'Antiga Esquerra de l'Eixample",86,20718
2017,2,"Eixample",8,"l'Antiga Esquerra de l'Eixample",87,19512
2017,2,"Eixample",8,"l'Antiga Esquerra de l'Eixample",88,20821
2017,2,"Eixample",8,"l'Antiga Esquerra de l'Eixample",89,19323
2017,2,"Eixample",8,"l'Antiga Esquerra de l'Eixample",90,17862
2017,2,"Eixample",8,"l'Antiga Esquerra de l'Eixample",91,18141
2017,2,"Eixample",8,"l'Antiga Esquerra de l'Eixample",92,18209
2017,2,"Eixample",8,"l'Antiga Esquerra de l'Eixample",93,19102
2017,2,"Eixample",8,"l'Antiga Esquerra de l'Eixample",94,19958
2017,2,"Eixample",8,"l'Antiga Esquerra de l'Eixample",95,18301
2017,2,"Eixample",8,"l'Antiga Esquerra de l'Eixample",96,17098
2017,2,"Eixample",8,"l'Antiga Esquerra de l'Eixample",97,16521
2017,2,"Eixample",8,"l'Antiga Esquerra de l'Eixample",98,17081
2017,2,"Eixample",8,"l'Antiga Esquerra de l'Eixample",99,19553
2017,2,"Eixample",8,"l'Antiga Esquerra de l'Eixample",100,19048
2017,2,"Eixample",8,"l'Antiga Esquerra de l'Eixample",101,17282
2017,2,"Eixample",8,"l'Antiga Esquerra de l'Eixample",102,21233
2017,2,"Eixample",8,"l'Antiga Esquerra de l'Eixample",103,16235
2017,2,"Eixample",8,"l'Antiga Esquerra de l'Eixample",104,20209
2017,2,"Eixample",8,"l'Antiga Esquerra de l'Eixample",105,16630
2017,2,"Eixample",8,"l'Antiga Esquerra de l'Eixample",106,21125
2017,2,"Eixample",8,"l'Antiga Esquerra de l'Eixample",107,21779
2017,2,"Eixample",8,"l'Antiga Esquerra de l'Eixample",108,22839
2017,2,"Eixample",8,"l'Antiga Esquerra de l'Eixample",109,22935
2017,2,"Eixample",9,"la Nova Esquerra de l'Eixample",110,17067
2017,2,"Eixample",9,"la Nova Esquerra de l'Eixample",111,18214
2017,2,"Eixample",9,"la Nova Esquerra de l'Eixample",112,22092
2017,2,"Eixample",9,"la Nova Esquerra de l'Eixample",113,21023
2017,2,"Eixample",9,"la Nova Esquerra de l'Eixample",114,18130
2017,2,"Eixample",9,"la Nova Esquerra de l'Eixample",115,16865
2017,2,"Eixample",9,"la Nova Esquerra de l'Eixample",116,20883
2017,2,"Eixample",9,"la Nova Esquerra de l'Eixample",117,18962
2017,2,"Eixample",9,"la Nova Esquerra de l'Eixample",118,20066
2017,2,"Eixample",9,"la Nova Esquerra de l'Eixample",119,19324
2017,2,"Eixample",9,"la Nova Esquerra de l'Eixample",120,17454
2017,2,"Eixample",9,"la Nova Esquerra de l'Eixample",121,18979
2017,2,"Eixample",9,"la Nova Esquerra de l'Eixample",122,22501
2017,2,"Eixample",9,"la Nova Esquerra de l'Eixample",123,17645
2017,2,"Eixample",9,"la Nova Esquerra de l'Eixample",124,19523
2017,2,"Eixample",9,"la Nova Esquerra de l'Eixample",125,18489
2017,2,"Eixample",9,"la Nova Esquerra de l'Eixample",126,18298
2017,2,"Eixample",9,"la Nova Esquerra de l'Eixample",127,17145
2017,2,"Eixample",9,"la Nova Esquerra de l'Eixample",128,15964
2017,2,"Eixample",9,"la Nova Esquerra de l'Eixample",129,18583
2017,2,"Eixample",9,"la Nova Esquerra de l'Eixample",130,25373
2017,2,"Eixample",9,"la Nova Esquerra de l'Eixample",131,16436
2017,2,"Eixample",9,"la Nova Esquerra de l'Eixample",132,16621
2017,2,"Eixample",9,"la Nova Esquerra de l'Eixample",133,18569
2017,2,"Eixample",9,"la Nova Esquerra de l'Eixample",134,16917
2017,2,"Eixample",9,"la Nova Esquerra de l'Eixample",135,15207
2017,2,"Eixample",9,"la Nova Esquerra de l'Eixample",136,17982
2017,2,"Eixample",9,"la Nova Esquerra de l'Eixample",137,14466
2017,2,"Eixample",9,"la Nova Esquerra de l'Eixample",138,18343
2017,2,"Eixample",9,"la Nova Esquerra de l'Eixample",139,15672
2017,2,"Eixample",9,"la Nova Esquerra de l'Eixample",140,17368
2017,2,"Eixample",9,"la Nova Esquerra de l'Eixample",141,16320
2017,2,"Eixample",9,"la Nova Esquerra de l'Eixample",142,14657
2017,2,"Eixample",9,"la Nova Esquerra de l'Eixample",143,18123
2017,2,"Eixample",9,"la Nova Esquerra de l'Eixample",144,17890
2017,2,"Eixample",9,"la Nova Esquerra de l'Eixample",145,16244
2017,2,"Eixample",9,"la Nova Esquerra de l'Eixample",146,17166
2017,2,"Eixample",9,"la Nova Esquerra de l'Eixample",147,15533
2017,2,"Eixample",9,"la Nova Esquerra de l'Eixample",148,17352
2017,2,"Eixample",9,"la Nova Esquerra de l'Eixample",149,16679
2017,2,"Eixample",10,"Sant Antoni",150,15236
2017,2,"Eixample",10,"Sant Antoni",151,16521
2017,2,"Eixample",10,"Sant Antoni",152,18184
2017,2,"Eixample",10,"Sant Antoni",153,19013
2017,2,"Eixample",10,"Sant Antoni",154,13499
2017,2,"Eixample",10,"Sant Antoni",155,14604
2017,2,"Eixample",10,"Sant Antoni",156,15996
2017,2,"Eixample",10,"Sant Antoni",157,14770
2017,2,"Eixample",10,"Sant Antoni",158,16512
2017,2,"Eixample",10,"Sant Antoni",159,16496
2017,2,"Eixample",10,"Sant Antoni",160,18153
2017,2,"Eixample",10,"Sant Antoni",161,16392
2017,2,"Eixample",10,"Sant Antoni",162,14682
2017,2,"Eixample",10,"Sant Antoni",163,17039
2017,2,"Eixample",10,"Sant Antoni",164,17777
2017,2,"Eixample",10,"Sant Antoni",165,16377
2017,2,"Eixample",10,"Sant Antoni",166,15387
2017,2,"Eixample",10,"Sant Antoni",167,16405
2017,2,"Eixample",10,"Sant Antoni",168,16000
2017,2,"Eixample",10,"Sant Antoni",169,15037
2017,2,"Eixample",10,"Sant Antoni",170,15411
2017,2,"Eixample",10,"Sant Antoni",171,13857
2017,2,"Eixample",10,"Sant Antoni",172,14495
2017,2,"Eixample",10,"Sant Antoni",173,15582
2017,3,"Sants-Montjuïc",11,"el Poble Sec",1,13241
2017,3,"Sants-Montjuïc",11,"el Poble Sec",2,11717
2017,3,"Sants-Montjuïc",11,"el Poble Sec",3,10434
2017,3,"Sants-Montjuïc",11,"el Poble Sec",4,13302
2017,3,"Sants-Montjuïc",11,"el Poble Sec",5,12352
2017,3,"Sants-Montjuïc",11,"el Poble Sec",6,11536
2017,3,"Sants-Montjuïc",11,"el Poble Sec",7,11900
2017,3,"Sants-Montjuïc",11,"el Poble Sec",8,11991
2017,3,"Sants-Montjuïc",11,"el Poble Sec",9,13000
2017,3,"Sants-Montjuïc",11,"el Poble Sec",10,11239
2017,3,"Sants-Montjuïc",11,"el Poble Sec",11,9692
2017,3,"Sants-Montjuïc",11,"el Poble Sec",12,11576
2017,3,"Sants-Montjuïc",11,"el Poble Sec",13,11044
2017,3,"Sants-Montjuïc",11,"el Poble Sec",14,10180
2017,3,"Sants-Montjuïc",11,"el Poble Sec",15,11122
2017,3,"Sants-Montjuïc",11,"el Poble Sec",16,10441
2017,3,"Sants-Montjuïc",11,"el Poble Sec",17,10316
2017,3,"Sants-Montjuïc",11,"el Poble Sec",18,11481
2017,3,"Sants-Montjuïc",11,"el Poble Sec",19,11042
2017,3,"Sants-Montjuïc",11,"el Poble Sec",20,14183
2017,3,"Sants-Montjuïc",11,"el Poble Sec",21,13903
2017,3,"Sants-Montjuïc",11,"el Poble Sec",22,12795
2017,3,"Sants-Montjuïc",11,"el Poble Sec",23,11187
2017,3,"Sants-Montjuïc",11,"el Poble Sec",24,12007
2017,3,"Sants-Montjuïc",12,"la Marina del Prat Vermell",25,9917
2017,3,"Sants-Montjuïc",13,"la Marina de Port",26,13438
2017,3,"Sants-Montjuïc",13,"la Marina de Port",27,13044
2017,3,"Sants-Montjuïc",13,"la Marina de Port",28,14942
2017,3,"Sants-Montjuïc",13,"la Marina de Port",29,11155
2017,3,"Sants-Montjuïc",13,"la Marina de Port",30,13031
2017,3,"Sants-Montjuïc",13,"la Marina de Port",31,12162
2017,3,"Sants-Montjuïc",13,"la Marina de Port",32,10628
2017,3,"Sants-Montjuïc",13,"la Marina de Port",33,9313
2017,3,"Sants-Montjuïc",13,"la Marina de Port",34,12588
2017,3,"Sants-Montjuïc",13,"la Marina de Port",35,12801
2017,3,"Sants-Montjuïc",13,"la Marina de Port",36,13839
2017,3,"Sants-Montjuïc",13,"la Marina de Port",37,13263
2017,3,"Sants-Montjuïc",13,"la Marina de Port",38,9034
2017,3,"Sants-Montjuïc",13,"la Marina de Port",39,9361
2017,3,"Sants-Montjuïc",14,"la Font de la Guatlla",40,16363
2017,3,"Sants-Montjuïc",14,"la Font de la Guatlla",41,13640
2017,3,"Sants-Montjuïc",14,"la Font de la Guatlla",42,13524
2017,3,"Sants-Montjuïc",14,"la Font de la Guatlla",43,14074
2017,3,"Sants-Montjuïc",14,"la Font de la Guatlla",44,12904
2017,3,"Sants-Montjuïc",14,"la Font de la Guatlla",45,14554
2017,3,"Sants-Montjuïc",14,"la Font de la Guatlla",46,18309
2017,3,"Sants-Montjuïc",15,"Hostafrancs",47,13228
2017,3,"Sants-Montjuïc",15,"Hostafrancs",48,17016
2017,3,"Sants-Montjuïc",15,"Hostafrancs",49,14809
2017,3,"Sants-Montjuïc",15,"Hostafrancs",50,14854
2017,3,"Sants-Montjuïc",15,"Hostafrancs",51,12162
2017,3,"Sants-Montjuïc",15,"Hostafrancs",52,12320
2017,3,"Sants-Montjuïc",15,"Hostafrancs",53,12955
2017,3,"Sants-Montjuïc",15,"Hostafrancs",54,14465
2017,3,"Sants-Montjuïc",15,"Hostafrancs",55,14268
2017,3,"Sants-Montjuïc",15,"Hostafrancs",56,14462
2017,3,"Sants-Montjuïc",16,"la Bordeta",57,13301
2017,3,"Sants-Montjuïc",16,"la Bordeta",58,15958
2017,3,"Sants-Montjuïc",16,"la Bordeta",59,12427
2017,3,"Sants-Montjuïc",16,"la Bordeta",60,15769
2017,3,"Sants-Montjuïc",16,"la Bordeta",61,13520
2017,3,"Sants-Montjuïc",16,"la Bordeta",62,13788
2017,3,"Sants-Montjuïc",16,"la Bordeta",63,13374
2017,3,"Sants-Montjuïc",16,"la Bordeta",64,14114
2017,3,"Sants-Montjuïc",16,"la Bordeta",65,15333
2017,3,"Sants-Montjuïc",16,"la Bordeta",66,13767
2017,3,"Sants-Montjuïc",16,"la Bordeta",67,14286
2017,3,"Sants-Montjuïc",16,"la Bordeta",68,13028
2017,3,"Sants-Montjuïc",16,"la Bordeta",69,15426
2017,3,"Sants-Montjuïc",17,"Sants - Badal",70,12214
2017,3,"Sants-Montjuïc",17,"Sants - Badal",71,11883
2017,3,"Sants-Montjuïc",17,"Sants - Badal",72,12404
2017,3,"Sants-Montjuïc",17,"Sants - Badal",73,14562
2017,3,"Sants-Montjuïc",17,"Sants - Badal",74,13527
2017,3,"Sants-Montjuïc",17,"Sants - Badal",75,13076
2017,3,"Sants-Montjuïc",17,"Sants - Badal",76,12975
2017,3,"Sants-Montjuïc",17,"Sants - Badal",77,13515
2017,3,"Sants-Montjuïc",17,"Sants - Badal",78,13317
2017,3,"Sants-Montjuïc",17,"Sants - Badal",79,12126
2017,3,"Sants-Montjuïc",17,"Sants - Badal",80,13398
2017,3,"Sants-Montjuïc",17,"Sants - Badal",81,14729
2017,3,"Sants-Montjuïc",17,"Sants - Badal",82,16073
2017,3,"Sants-Montjuïc",17,"Sants - Badal",83,14851
2017,3,"Sants-Montjuïc",17,"Sants - Badal",84,15003
2017,3,"Sants-Montjuïc",17,"Sants - Badal",85,14908
2017,3,"Sants-Montjuïc",18,"Sants",86,18839
2017,3,"Sants-Montjuïc",18,"Sants",87,17011
2017,3,"Sants-Montjuïc",18,"Sants",88,14871
2017,3,"Sants-Montjuïc",18,"Sants",89,16489
2017,3,"Sants-Montjuïc",18,"Sants",90,17411
2017,3,"Sants-Montjuïc",18,"Sants",91,16111
2017,3,"Sants-Montjuïc",18,"Sants",92,15147
2017,3,"Sants-Montjuïc",18,"Sants",93,15766
2017,3,"Sants-Montjuïc",18,"Sants",94,16467
2017,3,"Sants-Montjuïc",18,"Sants",95,14460
2017,3,"Sants-Montjuïc",18,"Sants",96,13369
2017,3,"Sants-Montjuïc",18,"Sants",97,10467
2017,3,"Sants-Montjuïc",18,"Sants",98,12906
2017,3,"Sants-Montjuïc",18,"Sants",99,13905
2017,3,"Sants-Montjuïc",18,"Sants",100,14399
2017,3,"Sants-Montjuïc",18,"Sants",101,13613
2017,3,"Sants-Montjuïc",18,"Sants",102,14227
2017,3,"Sants-Montjuïc",18,"Sants",103,14780
2017,3,"Sants-Montjuïc",18,"Sants",104,13313
2017,3,"Sants-Montjuïc",18,"Sants",105,13231
2017,3,"Sants-Montjuïc",18,"Sants",106,13767
2017,3,"Sants-Montjuïc",18,"Sants",107,15499
2017,3,"Sants-Montjuïc",18,"Sants",108,14173
2017,3,"Sants-Montjuïc",18,"Sants",109,14745
2017,3,"Sants-Montjuïc",18,"Sants",110,15548
2017,3,"Sants-Montjuïc",18,"Sants",111,14844
2017,3,"Sants-Montjuïc",18,"Sants",112,18521
2017,3,"Sants-Montjuïc",18,"Sants",113,20269
2017,3,"Sants-Montjuïc",18,"Sants",114,19184
2017,3,"Sants-Montjuïc",13,"la Marina de Port",211,12937
2017,3,"Sants-Montjuïc",13,"la Marina de Port",212,11958
2017,3,"Sants-Montjuïc",13,"la Marina de Port",213,9884
2017,4,"Les Corts",19,"les Corts",1,17305
2017,4,"Les Corts",19,"les Corts",2,20150
2017,4,"Les Corts",19,"les Corts",3,19084
2017,4,"Les Corts",19,"les Corts",4,18331
2017,4,"Les Corts",19,"les Corts",5,17016
2017,4,"Les Corts",19,"les Corts",6,18270
2017,4,"Les Corts",19,"les Corts",7,15190
2017,4,"Les Corts",19,"les Corts",8,16613
2017,4,"Les Corts",19,"les Corts",9,18240
2017,4,"Les Corts",19,"les Corts",10,20010
2017,4,"Les Corts",19,"les Corts",11,19941
2017,4,"Les Corts",19,"les Corts",12,19019
2017,4,"Les Corts",19,"les Corts",13,20964
2017,4,"Les Corts",19,"les Corts",14,20157
2017,4,"Les Corts",19,"les Corts",15,20173
2017,4,"Les Corts",19,"les Corts",16,20144
2017,4,"Les Corts",19,"les Corts",17,20028
2017,4,"Les Corts",19,"les Corts",18,20859
2017,4,"Les Corts",19,"les Corts",19,25639
2017,4,"Les Corts",19,"les Corts",20,21478
2017,4,"Les Corts",19,"les Corts",21,24319
2017,4,"Les Corts",19,"les Corts",22,20594
2017,4,"Les Corts",19,"les Corts",23,30210
2017,4,"Les Corts",19,"les Corts",24,30210
2017,4,"Les Corts",19,"les Corts",25,18982
2017,4,"Les Corts",19,"les Corts",26,20121
2017,4,"Les Corts",19,"les Corts",27,18424
2017,4,"Les Corts",19,"les Corts",28,18611
2017,4,"Les Corts",19,"les Corts",29,24289
2017,4,"Les Corts",19,"les Corts",30,21248
2017,4,"Les Corts",19,"les Corts",31,17123
2017,4,"Les Corts",19,"les Corts",32,18059
2017,4,"Les Corts",19,"les Corts",33,17719
2017,4,"Les Corts",19,"les Corts",34,22429
2017,4,"Les Corts",19,"les Corts",35,20417
2017,4,"Les Corts",20,"la Maternitat i Sant Ramon",36,15724
2017,4,"Les Corts",20,"la Maternitat i Sant Ramon",37,17247
2017,4,"Les Corts",20,"la Maternitat i Sant Ramon",38,17985
2017,4,"Les Corts",20,"la Maternitat i Sant Ramon",39,17074
2017,4,"Les Corts",20,"la Maternitat i Sant Ramon",40,13871
2017,4,"Les Corts",20,"la Maternitat i Sant Ramon",41,14769
2017,4,"Les Corts",20,"la Maternitat i Sant Ramon",42,14987
2017,4,"Les Corts",20,"la Maternitat i Sant Ramon",43,20679
2017,4,"Les Corts",20,"la Maternitat i Sant Ramon",44,15863
2017,4,"Les Corts",20,"la Maternitat i Sant Ramon",45,16170
2017,4,"Les Corts",20,"la Maternitat i Sant Ramon",46,23465
2017,4,"Les Corts",20,"la Maternitat i Sant Ramon",47,18800
2017,4,"Les Corts",20,"la Maternitat i Sant Ramon",48,20624
2017,4,"Les Corts",20,"la Maternitat i Sant Ramon",49,25776
2017,4,"Les Corts",21,"Pedralbes",50,30210
2017,4,"Les Corts",21,"Pedralbes",51,20472
2017,4,"Les Corts",21,"Pedralbes",52,30210
2017,4,"Les Corts",21,"Pedralbes",53,21590
2017,4,"Les Corts",21,"Pedralbes",54,23775
2017,4,"Les Corts",21,"Pedralbes",55,30210
2017,4,"Les Corts",21,"Pedralbes",56,30210
2017,4,"Les Corts",20,"la Maternitat i Sant Ramon",84,22308
2017,5,"Sarrià-Sant Gervasi",22,"Vallvidrera, el Tibidabo i les Planes",1,13232
2017,5,"Sarrià-Sant Gervasi",22,"Vallvidrera, el Tibidabo i les Planes",2,22261
2017,5,"Sarrià-Sant Gervasi",22,"Vallvidrera, el Tibidabo i les Planes",3,21559
2017,5,"Sarrià-Sant Gervasi",23,"Sarrià",4,30210
2017,5,"Sarrià-Sant Gervasi",23,"Sarrià",5,25314
2017,5,"Sarrià-Sant Gervasi",23,"Sarrià",6,30210
2017,5,"Sarrià-Sant Gervasi",23,"Sarrià",7,25829
2017,5,"Sarrià-Sant Gervasi",23,"Sarrià",8,26342
2017,5,"Sarrià-Sant Gervasi",23,"Sarrià",9,22985
2017,5,"Sarrià-Sant Gervasi",23,"Sarrià",10,17516
2017,5,"Sarrià-Sant Gervasi",23,"Sarrià",11,22673
2017,5,"Sarrià-Sant Gervasi",23,"Sarrià",12,20246
2017,5,"Sarrià-Sant Gervasi",23,"Sarrià",13,22940
2017,5,"Sarrià-Sant Gervasi",23,"Sarrià",14,24407
2017,5,"Sarrià-Sant Gervasi",23,"Sarrià",15,21829
2017,5,"Sarrià-Sant Gervasi",23,"Sarrià",16,19067
2017,5,"Sarrià-Sant Gervasi",23,"Sarrià",17,30210
2017,5,"Sarrià-Sant Gervasi",23,"Sarrià",18,21720
2017,5,"Sarrià-Sant Gervasi",23,"Sarrià",19,27330
2017,5,"Sarrià-Sant Gervasi",24,"les Tres Torres",20,25730
2017,5,"Sarrià-Sant Gervasi",24,"les Tres Torres",21,23477
2017,5,"Sarrià-Sant Gervasi",24,"les Tres Torres",22,30210
2017,5,"Sarrià-Sant Gervasi",24,"les Tres Torres",23,19654
2017,5,"Sarrià-Sant Gervasi",24,"les Tres Torres",24,30210
2017,5,"Sarrià-Sant Gervasi",24,"les Tres Torres",25,30210
2017,5,"Sarrià-Sant Gervasi",24,"les Tres Torres",26,30210
2017,5,"Sarrià-Sant Gervasi",24,"les Tres Torres",27,30210
2017,5,"Sarrià-Sant Gervasi",24,"les Tres Torres",28,30210
2017,5,"Sarrià-Sant Gervasi",24,"les Tres Torres",29,30210
2017,5,"Sarrià-Sant Gervasi",24,"les Tres Torres",30,30210
2017,5,"Sarrià-Sant Gervasi",25,"Sant Gervasi - la Bonanova",31,30210
2017,5,"Sarrià-Sant Gervasi",25,"Sant Gervasi - la Bonanova",32,30210
2017,5,"Sarrià-Sant Gervasi",25,"Sant Gervasi - la Bonanova",33,25303
2017,5,"Sarrià-Sant Gervasi",25,"Sant Gervasi - la Bonanova",34,22732
2017,5,"Sarrià-Sant Gervasi",25,"Sant Gervasi - la Bonanova",35,30210
2017,5,"Sarrià-Sant Gervasi",25,"Sant Gervasi - la Bonanova",36,30210
2017,5,"Sarrià-Sant Gervasi",25,"Sant Gervasi - la Bonanova",37,20794
2017,5,"Sarrià-Sant Gervasi",25,"Sant Gervasi - la Bonanova",38,20666
2017,5,"Sarrià-Sant Gervasi",25,"Sant Gervasi - la Bonanova",39,26470
2017,5,"Sarrià-Sant Gervasi",25,"Sant Gervasi - la Bonanova",40,20048
2017,5,"Sarrià-Sant Gervasi",25,"Sant Gervasi - la Bonanova",41,21041
2017,5,"Sarrià-Sant Gervasi",25,"Sant Gervasi - la Bonanova",42,21924
2017,5,"Sarrià-Sant Gervasi",25,"Sant Gervasi - la Bonanova",43,21908
2017,5,"Sarrià-Sant Gervasi",25,"Sant Gervasi - la Bonanova",44,20123
2017,5,"Sarrià-Sant Gervasi",25,"Sant Gervasi - la Bonanova",45,24665
2017,5,"Sarrià-Sant Gervasi",25,"Sant Gervasi - la Bonanova",46,30210
2017,5,"Sarrià-Sant Gervasi",25,"Sant Gervasi - la Bonanova",47,27048
2017,5,"Sarrià-Sant Gervasi",25,"Sant Gervasi - la Bonanova",48,27018
2017,5,"Sarrià-Sant Gervasi",26,"Sant Gervasi - Galvany",49,30210
2017,5,"Sarrià-Sant Gervasi",26,"Sant Gervasi - Galvany",50,23796
2017,5,"Sarrià-Sant Gervasi",26,"Sant Gervasi - Galvany",51,29516
2017,5,"Sarrià-Sant Gervasi",26,"Sant Gervasi - Galvany",52,30210
2017,5,"Sarrià-Sant Gervasi",26,"Sant Gervasi - Galvany",53,30210
2017,5,"Sarrià-Sant Gervasi",26,"Sant Gervasi - Galvany",54,30210
2017,5,"Sarrià-Sant Gervasi",26,"Sant Gervasi - Galvany",55,30210
2017,5,"Sarrià-Sant Gervasi",26,"Sant Gervasi - Galvany",56,28777
2017,5,"Sarrià-Sant Gervasi",26,"Sant Gervasi - Galvany",57,30045
2017,5,"Sarrià-Sant Gervasi",26,"Sant Gervasi - Galvany",58,30210
2017,5,"Sarrià-Sant Gervasi",26,"Sant Gervasi - Galvany",59,28863
2017,5,"Sarrià-Sant Gervasi",26,"Sant Gervasi - Galvany",60,30210
2017,5,"Sarrià-Sant Gervasi",26,"Sant Gervasi - Galvany",61,21435
2017,5,"Sarrià-Sant Gervasi",26,"Sant Gervasi - Galvany",62,25357
2017,5,"Sarrià-Sant Gervasi",26,"Sant Gervasi - Galvany",63,26341
2017,5,"Sarrià-Sant Gervasi",26,"Sant Gervasi - Galvany",64,23020
2017,5,"Sarrià-Sant Gervasi",26,"Sant Gervasi - Galvany",65,22850
2017,5,"Sarrià-Sant Gervasi",26,"Sant Gervasi - Galvany",66,27726
2017,5,"Sarrià-Sant Gervasi",26,"Sant Gervasi - Galvany",67,25178
2017,5,"Sarrià-Sant Gervasi",26,"Sant Gervasi - Galvany",68,23567
2017,5,"Sarrià-Sant Gervasi",26,"Sant Gervasi - Galvany",69,21886
2017,5,"Sarrià-Sant Gervasi",26,"Sant Gervasi - Galvany",70,21586
2017,5,"Sarrià-Sant Gervasi",26,"Sant Gervasi - Galvany",71,19661
2017,5,"Sarrià-Sant Gervasi",26,"Sant Gervasi - Galvany",72,23025
2017,5,"Sarrià-Sant Gervasi",26,"Sant Gervasi - Galvany",73,22117
2017,5,"Sarrià-Sant Gervasi",26,"Sant Gervasi - Galvany",74,25406
2017,5,"Sarrià-Sant Gervasi",26,"Sant Gervasi - Galvany",75,23933
2017,5,"Sarrià-Sant Gervasi",26,"Sant Gervasi - Galvany",76,22683
2017,5,"Sarrià-Sant Gervasi",26,"Sant Gervasi - Galvany",77,23428
2017,5,"Sarrià-Sant Gervasi",26,"Sant Gervasi - Galvany",78,22399
2017,5,"Sarrià-Sant Gervasi",26,"Sant Gervasi - Galvany",79,20892
2017,5,"Sarrià-Sant Gervasi",27,"el Putget i Farró",80,20940
2017,5,"Sarrià-Sant Gervasi",27,"el Putget i Farró",81,20108
2017,5,"Sarrià-Sant Gervasi",27,"el Putget i Farró",82,18723
2017,5,"Sarrià-Sant Gervasi",27,"el Putget i Farró",83,19716
2017,5,"Sarrià-Sant Gervasi",27,"el Putget i Farró",84,19593
2017,5,"Sarrià-Sant Gervasi",27,"el Putget i Farró",85,17383
2017,5,"Sarrià-Sant Gervasi",27,"el Putget i Farró",86,19806
2017,5,"Sarrià-Sant Gervasi",27,"el Putget i Farró",87,20829
2017,5,"Sarrià-Sant Gervasi",27,"el Putget i Farró",88,20058
2017,5,"Sarrià-Sant Gervasi",27,"el Putget i Farró",89,21729
2017,5,"Sarrià-Sant Gervasi",27,"el Putget i Farró",90,20174
2017,5,"Sarrià-Sant Gervasi",27,"el Putget i Farró",91,20081
2017,5,"Sarrià-Sant Gervasi",27,"el Putget i Farró",92,26847
2017,5,"Sarrià-Sant Gervasi",27,"el Putget i Farró",93,22232
2017,5,"Sarrià-Sant Gervasi",27,"el Putget i Farró",94,25481
2017,5,"Sarrià-Sant Gervasi",27,"el Putget i Farró",95,18725
2017,5,"Sarrià-Sant Gervasi",27,"el Putget i Farró",96,18332
2017,5,"Sarrià-Sant Gervasi",27,"el Putget i Farró",97,21098
2017,5,"Sarrià-Sant Gervasi",27,"el Putget i Farró",98,19680
2017,6,"Gràcia",28,"Vallcarca i els Penitents",1,16915
2017,6,"Gràcia",28,"Vallcarca i els Penitents",2,16564
2017,6,"Gràcia",28,"Vallcarca i els Penitents",3,15814
2017,6,"Gràcia",28,"Vallcarca i els Penitents",4,16714
2017,6,"Gràcia",28,"Vallcarca i els Penitents",6,21016
2017,6,"Gràcia",28,"Vallcarca i els Penitents",7,18284
2017,6,"Gràcia",28,"Vallcarca i els Penitents",8,16886
2017,6,"Gràcia",28,"Vallcarca i els Penitents",9,23111
2017,6,"Gràcia",28,"Vallcarca i els Penitents",10,18022
2017,6,"Gràcia",28,"Vallcarca i els Penitents",11,18117
2017,6,"Gràcia",28,"Vallcarca i els Penitents",12,21383
2017,6,"Gràcia",29,"el Coll",13,16082
2017,6,"Gràcia",29,"el Coll",14,15628
2017,6,"Gràcia",29,"el Coll",15,13118
2017,6,"Gràcia",29,"el Coll",16,13038
2017,6,"Gràcia",29,"el Coll",17,13526
2017,6,"Gràcia",30,"la Salut",18,15821
2017,6,"Gràcia",30,"la Salut",19,16078
2017,6,"Gràcia",30,"la Salut",20,16441
2017,6,"Gràcia",30,"la Salut",21,18516
2017,6,"Gràcia",30,"la Salut",22,17058
2017,6,"Gràcia",30,"la Salut",23,22542
2017,6,"Gràcia",30,"la Salut",24,16907
2017,6,"Gràcia",30,"la Salut",25,18589
2017,6,"Gràcia",30,"la Salut",26,17723
2017,6,"Gràcia",30,"la Salut",27,18426
2017,6,"Gràcia",31,"Vila de Gràcia",28,15529
2017,6,"Gràcia",31,"Vila de Gràcia",29,17353
2017,6,"Gràcia",31,"Vila de Gràcia",30,15083
2017,6,"Gràcia",31,"Vila de Gràcia",31,16811
2017,6,"Gràcia",31,"Vila de Gràcia",32,16509
2017,6,"Gràcia",31,"Vila de Gràcia",33,16385
2017,6,"Gràcia",31,"Vila de Gràcia",34,16383
2017,6,"Gràcia",31,"Vila de Gràcia",35,20664
2017,6,"Gràcia",31,"Vila de Gràcia",36,19100
2017,6,"Gràcia",31,"Vila de Gràcia",37,16587
2017,6,"Gràcia",31,"Vila de Gràcia",38,17184
2017,6,"Gràcia",31,"Vila de Gràcia",39,15497
2017,6,"Gràcia",31,"Vila de Gràcia",40,17634
2017,6,"Gràcia",31,"Vila de Gràcia",41,17827
2017,6,"Gràcia",31,"Vila de Gràcia",42,19886
2017,6,"Gràcia",31,"Vila de Gràcia",43,16333
2017,6,"Gràcia",31,"Vila de Gràcia",44,21429
2017,6,"Gràcia",31,"Vila de Gràcia",45,17385
2017,6,"Gràcia",31,"Vila de Gràcia",46,15049
2017,6,"Gràcia",31,"Vila de Gràcia",47,14235
2017,6,"Gràcia",31,"Vila de Gràcia",48,14783
2017,6,"Gràcia",31,"Vila de Gràcia",49,16466
2017,6,"Gràcia",31,"Vila de Gràcia",50,13834
2017,6,"Gràcia",31,"Vila de Gràcia",51,15499
2017,6,"Gràcia",31,"Vila de Gràcia",52,15080
2017,6,"Gràcia",31,"Vila de Gràcia",53,16294
2017,6,"Gràcia",31,"Vila de Gràcia",54,14979
2017,6,"Gràcia",31,"Vila de Gràcia",55,15793
2017,6,"Gràcia",31,"Vila de Gràcia",56,14501
2017,6,"Gràcia",31,"Vila de Gràcia",57,14726
2017,6,"Gràcia",31,"Vila de Gràcia",58,16215
2017,6,"Gràcia",31,"Vila de Gràcia",59,16498
2017,6,"Gràcia",31,"Vila de Gràcia",60,14756
2017,6,"Gràcia",31,"Vila de Gràcia",61,15398
2017,6,"Gràcia",31,"Vila de Gràcia",62,14794
2017,6,"Gràcia",31,"Vila de Gràcia",63,14963
2017,6,"Gràcia",32,"el Camp d'en Grassot i Gràcia Nova",64,14905
2017,6,"Gràcia",32,"el Camp d'en Grassot i Gràcia Nova",65,18767
2017,6,"Gràcia",32,"el Camp d'en Grassot i Gràcia Nova",66,16360
2017,6,"Gràcia",32,"el Camp d'en Grassot i Gràcia Nova",67,17271
2017,6,"Gràcia",32,"el Camp d'en Grassot i Gràcia Nova",68,19193
2017,6,"Gràcia",32,"el Camp d'en Grassot i Gràcia Nova",69,18206
2017,6,"Gràcia",32,"el Camp d'en Grassot i Gràcia Nova",70,16787
2017,6,"Gràcia",32,"el Camp d'en Grassot i Gràcia Nova",71,16860
2017,6,"Gràcia",32,"el Camp d'en Grassot i Gràcia Nova",72,18962
2017,6,"Gràcia",32,"el Camp d'en Grassot i Gràcia Nova",73,16600
2017,6,"Gràcia",32,"el Camp d'en Grassot i Gràcia Nova",74,15572
2017,6,"Gràcia",32,"el Camp d'en Grassot i Gràcia Nova",75,19515
2017,6,"Gràcia",32,"el Camp d'en Grassot i Gràcia Nova",76,17555
2017,6,"Gràcia",32,"el Camp d'en Grassot i Gràcia Nova",77,15909
2017,6,"Gràcia",32,"el Camp d'en Grassot i Gràcia Nova",78,15192
2017,6,"Gràcia",32,"el Camp d'en Grassot i Gràcia Nova",79,17142
2017,6,"Gràcia",32,"el Camp d'en Grassot i Gràcia Nova",80,16484
2017,6,"Gràcia",32,"el Camp d'en Grassot i Gràcia Nova",81,16828
2017,6,"Gràcia",32,"el Camp d'en Grassot i Gràcia Nova",82,17857
2017,6,"Gràcia",32,"el Camp d'en Grassot i Gràcia Nova",83,18552
2017,6,"Gràcia",32,"el Camp d'en Grassot i Gràcia Nova",84,16919
2017,6,"Gràcia",32,"el Camp d'en Grassot i Gràcia Nova",85,18340
2017,6,"Gràcia",32,"el Camp d'en Grassot i Gràcia Nova",86,20922
2017,6,"Gràcia",32,"el Camp d'en Grassot i Gràcia Nova",87,20606
2017,6,"Gràcia",32,"el Camp d'en Grassot i Gràcia Nova",88,17915
2017,7,"Horta-Guinardó",33,"el Baix Guinardó",1,17092
2017,7,"Horta-Guinardó",33,"el Baix Guinardó",2,14835
2017,7,"Horta-Guinardó",33,"el Baix Guinardó",3,15714
2017,7,"Horta-Guinardó",33,"el Baix Guinardó",4,14548
2017,7,"Horta-Guinardó",33,"el Baix Guinardó",5,14704
2017,7,"Horta-Guinardó",33,"el Baix Guinardó",6,16675
2017,7,"Horta-Guinardó",33,"el Baix Guinardó",7,14007
2017,7,"Horta-Guinardó",33,"el Baix Guinardó",8,16102
2017,7,"Horta-Guinardó",33,"el Baix Guinardó",9,14644
2017,7,"Horta-Guinardó",33,"el Baix Guinardó",10,15338
2017,7,"Horta-Guinardó",33,"el Baix Guinardó",11,15558
2017,7,"Horta-Guinardó",33,"el Baix Guinardó",12,13982
2017,7,"Horta-Guinardó",33,"el Baix Guinardó",13,16979
2017,7,"Horta-Guinardó",33,"el Baix Guinardó",14,12896
2017,7,"Horta-Guinardó",33,"el Baix Guinardó",15,14376
2017,7,"Horta-Guinardó",33,"el Baix Guinardó",16,16649
2017,7,"Horta-Guinardó",33,"el Baix Guinardó",17,14797
2017,7,"Horta-Guinardó",33,"el Baix Guinardó",18,14976
2017,7,"Horta-Guinardó",33,"el Baix Guinardó",19,15899
2017,7,"Horta-Guinardó",34,"Can Baró",20,15195
2017,7,"Horta-Guinardó",34,"Can Baró",21,17705
2017,7,"Horta-Guinardó",34,"Can Baró",22,13979
2017,7,"Horta-Guinardó",34,"Can Baró",23,11848
2017,7,"Horta-Guinardó",34,"Can Baró",24,13281
2017,7,"Horta-Guinardó",34,"Can Baró",25,13342
2017,7,"Horta-Guinardó",34,"Can Baró",26,14299
2017,7,"Horta-Guinardó",35,"el Guinardó",27,13686
2017,7,"Horta-Guinardó",35,"el Guinardó",28,13869
2017,7,"Horta-Guinardó",35,"el Guinardó",29,15944
2017,7,"Horta-Guinardó",35,"el Guinardó",30,13531
2017,7,"Horta-Guinardó",35,"el Guinardó",31,13590
2017,7,"Horta-Guinardó",35,"el Guinardó",32,14632
2017,7,"Horta-Guinardó",35,"el Guinardó",33,15040
2017,7,"Horta-Guinardó",35,"el Guinardó",34,16037
2017,7,"Horta-Guinardó",35,"el Guinardó",35,16905
2017,7,"Horta-Guinardó",35,"el Guinardó",36,16914
2017,7,"Horta-Guinardó",35,"el Guinardó",37,15177
2017,7,"Horta-Guinardó",35,"el Guinardó",38,14355
2017,7,"Horta-Guinardó",35,"el Guinardó",39,15402
2017,7,"Horta-Guinardó",35,"el Guinardó",40,14769
2017,7,"Horta-Guinardó",35,"el Guinardó",41,13661
2017,7,"Horta-Guinardó",35,"el Guinardó",42,15315
2017,7,"Horta-Guinardó",35,"el Guinardó",43,13659
2017,7,"Horta-Guinardó",35,"el Guinardó",44,15948
2017,7,"Horta-Guinardó",35,"el Guinardó",45,14156
2017,7,"Horta-Guinardó",35,"el Guinardó",46,13978
2017,7,"Horta-Guinardó",35,"el Guinardó",47,14602
2017,7,"Horta-Guinardó",35,"el Guinardó",48,15537
2017,7,"Horta-Guinardó",35,"el Guinardó",49,16293
2017,7,"Horta-Guinardó",35,"el Guinardó",50,14151
2017,7,"Horta-Guinardó",35,"el Guinardó",51,14690
2017,7,"Horta-Guinardó",36,"la Font d'en Fargues",52,18463
2017,7,"Horta-Guinardó",36,"la Font d'en Fargues",53,16012
2017,7,"Horta-Guinardó",36,"la Font d'en Fargues",54,19725
2017,7,"Horta-Guinardó",36,"la Font d'en Fargues",55,20600
2017,7,"Horta-Guinardó",36,"la Font d'en Fargues",56,15993
2017,7,"Horta-Guinardó",36,"la Font d'en Fargues",57,16246
2017,7,"Horta-Guinardó",36,"la Font d'en Fargues",58,15749
2017,7,"Horta-Guinardó",37,"el Carmel",59,11478
2017,7,"Horta-Guinardó",37,"el Carmel",60,10803
2017,7,"Horta-Guinardó",37,"el Carmel",61,11669
2017,7,"Horta-Guinardó",37,"el Carmel",62,12351
2017,7,"Horta-Guinardó",37,"el Carmel",63,10388
2017,7,"Horta-Guinardó",37,"el Carmel",64,11151
2017,7,"Horta-Guinardó",37,"el Carmel",65,9948
2017,7,"Horta-Guinardó",37,"el Carmel",66,9991
2017,7,"Horta-Guinardó",37,"el Carmel",67,10215
2017,7,"Horta-Guinardó",37,"el Carmel",68,9458
2017,7,"Horta-Guinardó",37,"el Carmel",69,10421
2017,7,"Horta-Guinardó",37,"el Carmel",70,10632
2017,7,"Horta-Guinardó",37,"el Carmel",71,12433
2017,7,"Horta-Guinardó",37,"el Carmel",72,11592
2017,7,"Horta-Guinardó",37,"el Carmel",73,11021
2017,7,"Horta-Guinardó",37,"el Carmel",74,11436
2017,7,"Horta-Guinardó",37,"el Carmel",75,10896
2017,7,"Horta-Guinardó",37,"el Carmel",76,10426
2017,7,"Horta-Guinardó",37,"el Carmel",77,10399
2017,7,"Horta-Guinardó",37,"el Carmel",78,10790
2017,7,"Horta-Guinardó",37,"el Carmel",79,11580
2017,7,"Horta-Guinardó",37,"el Carmel",80,11985
2017,7,"Horta-Guinardó",38,"la Teixonera",81,12699
2017,7,"Horta-Guinardó",38,"la Teixonera",82,11609
2017,7,"Horta-Guinardó",38,"la Teixonera",83,11990
2017,7,"Horta-Guinardó",38,"la Teixonera",84,12085
2017,7,"Horta-Guinardó",38,"la Teixonera",85,12967
2017,7,"Horta-Guinardó",38,"la Teixonera",86,11866
2017,7,"Horta-Guinardó",38,"la Teixonera",87,12265
2017,7,"Horta-Guinardó",38,"la Teixonera",88,11864
2017,7,"Horta-Guinardó",39,"Sant Genís dels Agudells",89,15900
2017,7,"Horta-Guinardó",39,"Sant Genís dels Agudells",90,12653
2017,7,"Horta-Guinardó",39,"Sant Genís dels Agudells",91,13080
2017,7,"Horta-Guinardó",39,"Sant Genís dels Agudells",92,10715
2017,7,"Horta-Guinardó",39,"Sant Genís dels Agudells",93,13229
2017,7,"Horta-Guinardó",40,"Montbau",94,13824
2017,7,"Horta-Guinardó",40,"Montbau",95,14356
2017,7,"Horta-Guinardó",40,"Montbau",96,12919
2017,7,"Horta-Guinardó",40,"Montbau",97,15418
2017,7,"Horta-Guinardó",41,"la Vall d'Hebron",98,18809
2017,7,"Horta-Guinardó",41,"la Vall d'Hebron",99,16260
2017,7,"Horta-Guinardó",41,"la Vall d'Hebron",100,14727
2017,7,"Horta-Guinardó",41,"la Vall d'Hebron",101,14739
2017,7,"Horta-Guinardó",42,"la Clota",102,13146
2017,7,"Horta-Guinardó",43,"Horta",103,13353
2017,7,"Horta-Guinardó",43,"Horta",104,12004
2017,7,"Horta-Guinardó",43,"Horta",105,15263
2017,7,"Horta-Guinardó",43,"Horta",106,15501
2017,7,"Horta-Guinardó",43,"Horta",107,15732
2017,7,"Horta-Guinardó",43,"Horta",108,14797
2017,7,"Horta-Guinardó",43,"Horta",109,12672
2017,7,"Horta-Guinardó",43,"Horta",110,16238
2017,7,"Horta-Guinardó",43,"Horta",111,18587
2017,7,"Horta-Guinardó",43,"Horta",112,15133
2017,7,"Horta-Guinardó",43,"Horta",113,13818
2017,7,"Horta-Guinardó",43,"Horta",114,15587
2017,7,"Horta-Guinardó",43,"Horta",115,17341
2017,7,"Horta-Guinardó",43,"Horta",116,13831
2017,7,"Horta-Guinardó",43,"Horta",117,14048
2017,7,"Horta-Guinardó",43,"Horta",118,14739
2017,7,"Horta-Guinardó",43,"Horta",119,13233
2017,7,"Horta-Guinardó",43,"Horta",120,13651
2017,7,"Horta-Guinardó",43,"Horta",121,12939
2017,7,"Horta-Guinardó",43,"Horta",122,14076
2017,7,"Horta-Guinardó",43,"Horta",123,14850
2017,8,"Nou Barris",44,"Vilapicina i la Torre Llobeta",1,13519
2017,8,"Nou Barris",44,"Vilapicina i la Torre Llobeta",2,14997
2017,8,"Nou Barris",44,"Vilapicina i la Torre Llobeta",3,13829
2017,8,"Nou Barris",44,"Vilapicina i la Torre Llobeta",4,12222
2017,8,"Nou Barris",44,"Vilapicina i la Torre Llobeta",5,14200
2017,8,"Nou Barris",44,"Vilapicina i la Torre Llobeta",6,14087
2017,8,"Nou Barris",44,"Vilapicina i la Torre Llobeta",7,14393
2017,8,"Nou Barris",44,"Vilapicina i la Torre Llobeta",8,14846
2017,8,"Nou Barris",44,"Vilapicina i la Torre Llobeta",9,12793
2017,8,"Nou Barris",44,"Vilapicina i la Torre Llobeta",10,14657
2017,8,"Nou Barris",44,"Vilapicina i la Torre Llobeta",11,15773
2017,8,"Nou Barris",44,"Vilapicina i la Torre Llobeta",12,13907
2017,8,"Nou Barris",44,"Vilapicina i la Torre Llobeta",13,14060
2017,8,"Nou Barris",44,"Vilapicina i la Torre Llobeta",14,12322
2017,8,"Nou Barris",44,"Vilapicina i la Torre Llobeta",15,12103
2017,8,"Nou Barris",44,"Vilapicina i la Torre Llobeta",16,13103
2017,8,"Nou Barris",44,"Vilapicina i la Torre Llobeta",17,15071
2017,8,"Nou Barris",44,"Vilapicina i la Torre Llobeta",18,13496
2017,8,"Nou Barris",44,"Vilapicina i la Torre Llobeta",19,12464
2017,8,"Nou Barris",45,"Porta",20,13416
2017,8,"Nou Barris",45,"Porta",21,13039
2017,8,"Nou Barris",45,"Porta",22,13653
2017,8,"Nou Barris",45,"Porta",23,12106
2017,8,"Nou Barris",45,"Porta",24,13291
2017,8,"Nou Barris",45,"Porta",25,12067
2017,8,"Nou Barris",45,"Porta",26,13254
2017,8,"Nou Barris",45,"Porta",27,14566
2017,8,"Nou Barris",45,"Porta",28,12400
2017,8,"Nou Barris",45,"Porta",29,11427
2017,8,"Nou Barris",45,"Porta",30,11644
2017,8,"Nou Barris",45,"Porta",31,12833
2017,8,"Nou Barris",45,"Porta",32,13141
2017,8,"Nou Barris",45,"Porta",33,11621
2017,8,"Nou Barris",45,"Porta",34,10405
2017,8,"Nou Barris",45,"Porta",35,12082
2017,8,"Nou Barris",45,"Porta",36,10523
2017,8,"Nou Barris",45,"Porta",37,11887
2017,8,"Nou Barris",46,"el Turó de la Peira",38,11332
2017,8,"Nou Barris",46,"el Turó de la Peira",39,11578
2017,8,"Nou Barris",46,"el Turó de la Peira",40,8876
2017,8,"Nou Barris",46,"el Turó de la Peira",41,8424
2017,8,"Nou Barris",46,"el Turó de la Peira",42,13658
2017,8,"Nou Barris",46,"el Turó de la Peira",43,11179
2017,8,"Nou Barris",46,"el Turó de la Peira",44,10043
2017,8,"Nou Barris",46,"el Turó de la Peira",45,9775
2017,8,"Nou Barris",46,"el Turó de la Peira",46,10911
2017,8,"Nou Barris",46,"el Turó de la Peira",47,9015
2017,8,"Nou Barris",47,"Can Peguera",48,8404
2017,8,"Nou Barris",47,"Can Peguera",49,10556
2017,8,"Nou Barris",48,"la Guineueta",50,15390
2017,8,"Nou Barris",48,"la Guineueta",51,14400
2017,8,"Nou Barris",48,"la Guineueta",52,13009
2017,8,"Nou Barris",48,"la Guineueta",53,14903
2017,8,"Nou Barris",48,"la Guineueta",54,13856
2017,8,"Nou Barris",48,"la Guineueta",55,17263
2017,8,"Nou Barris",48,"la Guineueta",56,12525
2017,8,"Nou Barris",48,"la Guineueta",57,12643
2017,8,"Nou Barris",48,"la Guineueta",58,11332
2017,8,"Nou Barris",48,"la Guineueta",59,12571
2017,8,"Nou Barris",49,"Canyelles",60,13506
2017,8,"Nou Barris",49,"Canyelles",61,11841
2017,8,"Nou Barris",49,"Canyelles",62,13382
2017,8,"Nou Barris",49,"Canyelles",63,15327
2017,8,"Nou Barris",49,"Canyelles",64,11211
2017,8,"Nou Barris",50,"les Roquetes",65,8951
2017,8,"Nou Barris",50,"les Roquetes",66,8479
2017,8,"Nou Barris",50,"les Roquetes",67,10600
2017,8,"Nou Barris",50,"les Roquetes",68,9740
2017,8,"Nou Barris",50,"les Roquetes",69,9544
2017,8,"Nou Barris",50,"les Roquetes",70,9153
2017,8,"Nou Barris",50,"les Roquetes",71,9956
2017,8,"Nou Barris",50,"les Roquetes",72,10941
2017,8,"Nou Barris",50,"les Roquetes",73,8845
2017,8,"Nou Barris",50,"les Roquetes",74,9284
2017,8,"Nou Barris",51,"Verdun",75,10828
2017,8,"Nou Barris",51,"Verdun",76,11798
2017,8,"Nou Barris",51,"Verdun",77,8968
2017,8,"Nou Barris",51,"Verdun",78,9907
2017,8,"Nou Barris",51,"Verdun",79,9588
2017,8,"Nou Barris",51,"Verdun",80,10383
2017,8,"Nou Barris",51,"Verdun",81,9240
2017,8,"Nou Barris",51,"Verdun",82,10823
2017,8,"Nou Barris",52,"la Prosperitat",83,10556
2017,8,"Nou Barris",52,"la Prosperitat",84,11195
2017,8,"Nou Barris",52,"la Prosperitat",85,10581
2017,8,"Nou Barris",52,"la Prosperitat",86,11504
2017,8,"Nou Barris",52,"la Prosperitat",87,11386
2017,8,"Nou Barris",52,"la Prosperitat",88,10897
2017,8,"Nou Barris",52,"la Prosperitat",89,11152
2017,8,"Nou Barris",52,"la Prosperitat",90,11802
2017,8,"Nou Barris",52,"la Prosperitat",91,11663
2017,8,"Nou Barris",52,"la Prosperitat",92,12429
2017,8,"Nou Barris",52,"la Prosperitat",93,10836
2017,8,"Nou Barris",52,"la Prosperitat",94,11971
2017,8,"Nou Barris",52,"la Prosperitat",95,13996
2017,8,"Nou Barris",52,"la Prosperitat",96,11112
2017,8,"Nou Barris",52,"la Prosperitat",97,11082
2017,8,"Nou Barris",52,"la Prosperitat",98,10213
2017,8,"Nou Barris",52,"la Prosperitat",99,11415
2017,8,"Nou Barris",52,"la Prosperitat",100,11327
2017,8,"Nou Barris",52,"la Prosperitat",101,11759
2017,8,"Nou Barris",52,"la Prosperitat",102,10085
2017,8,"Nou Barris",53,"la Trinitat Nova",103,8115
2017,8,"Nou Barris",53,"la Trinitat Nova",104,9257
2017,8,"Nou Barris",53,"la Trinitat Nova",105,8902
2017,8,"Nou Barris",53,"la Trinitat Nova",106,8804
2017,8,"Nou Barris",53,"la Trinitat Nova",107,9401
2017,8,"Nou Barris",54,"Torre Baró",108,8247
2017,8,"Nou Barris",54,"Torre Baró",109,7939
2017,8,"Nou Barris",55,"Ciutat Meridiana",110,6772
2017,8,"Nou Barris",55,"Ciutat Meridiana",111,7690
2017,8,"Nou Barris",55,"Ciutat Meridiana",112,7599
2017,8,"Nou Barris",55,"Ciutat Meridiana",113,7902
2017,8,"Nou Barris",55,"Ciutat Meridiana",114,8413
2017,8,"Nou Barris",55,"Ciutat Meridiana",115,8308
2017,8,"Nou Barris",56,"Vallbona",116,8556
2017,8,"Nou Barris",48,"la Guineueta",215,13941
2017,9,"Sant Andreu",57,"la Trinitat Vella",1,7319
2017,9,"Sant Andreu",57,"la Trinitat Vella",2,8170
2017,9,"Sant Andreu",57,"la Trinitat Vella",3,8651
2017,9,"Sant Andreu",57,"la Trinitat Vella",4,9445
2017,9,"Sant Andreu",57,"la Trinitat Vella",5,11532
2017,9,"Sant Andreu",58,"Baró de Viver",6,8906
2017,9,"Sant Andreu",58,"Baró de Viver",7,8435
2017,9,"Sant Andreu",59,"el Bon Pastor",8,16141
2017,9,"Sant Andreu",59,"el Bon Pastor",9,12494
2017,9,"Sant Andreu",59,"el Bon Pastor",10,11548
2017,9,"Sant Andreu",59,"el Bon Pastor",11,9812
2017,9,"Sant Andreu",59,"el Bon Pastor",13,8698
2017,9,"Sant Andreu",59,"el Bon Pastor",14,9378
2017,9,"Sant Andreu",59,"el Bon Pastor",15,10106
2017,9,"Sant Andreu",60,"Sant Andreu",16,14744
2017,9,"Sant Andreu",60,"Sant Andreu",17,14458
2017,9,"Sant Andreu",60,"Sant Andreu",18,13773
2017,9,"Sant Andreu",60,"Sant Andreu",19,16043
2017,9,"Sant Andreu",60,"Sant Andreu",20,15098
2017,9,"Sant Andreu",60,"Sant Andreu",21,15954
2017,9,"Sant Andreu",60,"Sant Andreu",22,16186
2017,9,"Sant Andreu",60,"Sant Andreu",23,15409
2017,9,"Sant Andreu",60,"Sant Andreu",24,15312
2017,9,"Sant Andreu",60,"Sant Andreu",25,15463
2017,9,"Sant Andreu",60,"Sant Andreu",26,15789
2017,9,"Sant Andreu",60,"Sant Andreu",27,16506
2017,9,"Sant Andreu",60,"Sant Andreu",28,17372
2017,9,"Sant Andreu",60,"Sant Andreu",29,14303
2017,9,"Sant Andreu",60,"Sant Andreu",30,15544
2017,9,"Sant Andreu",60,"Sant Andreu",31,16474
2017,9,"Sant Andreu",60,"Sant Andreu",32,11944
2017,9,"Sant Andreu",60,"Sant Andreu",33,13831
2017,9,"Sant Andreu",60,"Sant Andreu",34,12949
2017,9,"Sant Andreu",60,"Sant Andreu",35,13723
2017,9,"Sant Andreu",60,"Sant Andreu",36,14671
2017,9,"Sant Andreu",60,"Sant Andreu",37,12141
2017,9,"Sant Andreu",60,"Sant Andreu",38,15502
2017,9,"Sant Andreu",60,"Sant Andreu",39,14989
2017,9,"Sant Andreu",60,"Sant Andreu",40,14763
2017,9,"Sant Andreu",60,"Sant Andreu",41,14383
2017,9,"Sant Andreu",60,"Sant Andreu",42,15602
2017,9,"Sant Andreu",60,"Sant Andreu",43,14409
2017,9,"Sant Andreu",60,"Sant Andreu",44,14920
2017,9,"Sant Andreu",60,"Sant Andreu",45,15107
2017,9,"Sant Andreu",60,"Sant Andreu",46,15903
2017,9,"Sant Andreu",60,"Sant Andreu",47,16685
2017,9,"Sant Andreu",60,"Sant Andreu",48,14570
2017,9,"Sant Andreu",60,"Sant Andreu",49,14420
2017,9,"Sant Andreu",60,"Sant Andreu",50,15805
2017,9,"Sant Andreu",60,"Sant Andreu",51,15324
2017,9,"Sant Andreu",60,"Sant Andreu",52,14329
2017,9,"Sant Andreu",60,"Sant Andreu",53,16479
2017,9,"Sant Andreu",60,"Sant Andreu",54,16010
2017,9,"Sant Andreu",61,"la Sagrera",55,13253
2017,9,"Sant Andreu",61,"la Sagrera",56,15117
2017,9,"Sant Andreu",61,"la Sagrera",57,13562
2017,9,"Sant Andreu",61,"la Sagrera",58,14977
2017,9,"Sant Andreu",61,"la Sagrera",59,13874
2017,9,"Sant Andreu",61,"la Sagrera",60,14229
2017,9,"Sant Andreu",61,"la Sagrera",61,15707
2017,9,"Sant Andreu",61,"la Sagrera",62,13407
2017,9,"Sant Andreu",61,"la Sagrera",63,16470
2017,9,"Sant Andreu",61,"la Sagrera",64,15873
2017,9,"Sant Andreu",61,"la Sagrera",65,14110
2017,9,"Sant Andreu",61,"la Sagrera",66,15572
2017,9,"Sant Andreu",61,"la Sagrera",67,13059
2017,9,"Sant Andreu",61,"la Sagrera",68,15664
2017,9,"Sant Andreu",61,"la Sagrera",69,14860
2017,9,"Sant Andreu",61,"la Sagrera",70,10916
2017,9,"Sant Andreu",61,"la Sagrera",71,13703
2017,9,"Sant Andreu",61,"la Sagrera",72,11660
2017,9,"Sant Andreu",61,"la Sagrera",73,14356
2017,9,"Sant Andreu",62,"el Congrés i els Indians",74,13641
2017,9,"Sant Andreu",62,"el Congrés i els Indians",75,13624
2017,9,"Sant Andreu",62,"el Congrés i els Indians",76,13545
2017,9,"Sant Andreu",62,"el Congrés i els Indians",77,13811
2017,9,"Sant Andreu",62,"el Congrés i els Indians",78,13864
2017,9,"Sant Andreu",62,"el Congrés i els Indians",79,14992
2017,9,"Sant Andreu",62,"el Congrés i els Indians",80,14687
2017,9,"Sant Andreu",62,"el Congrés i els Indians",81,14218
2017,9,"Sant Andreu",62,"el Congrés i els Indians",82,13933
2017,9,"Sant Andreu",63,"Navas",83,14426
2017,9,"Sant Andreu",63,"Navas",84,15970
2017,9,"Sant Andreu",63,"Navas",85,14203
2017,9,"Sant Andreu",63,"Navas",86,14315
2017,9,"Sant Andreu",63,"Navas",87,15528
2017,9,"Sant Andreu",63,"Navas",88,13566
2017,9,"Sant Andreu",63,"Navas",89,14050
2017,9,"Sant Andreu",63,"Navas",90,13477
2017,9,"Sant Andreu",63,"Navas",91,14386
2017,9,"Sant Andreu",63,"Navas",92,14408
2017,9,"Sant Andreu",63,"Navas",93,14671
2017,9,"Sant Andreu",63,"Navas",94,14278
2017,9,"Sant Andreu",63,"Navas",95,14032
2017,9,"Sant Andreu",61,"la Sagrera",156,14400
2017,10,"Sant Martí",64,"Camp de l'Arpa del Clot",1,13291
2017,10,"Sant Martí",64,"Camp de l'Arpa del Clot",2,13684
2017,10,"Sant Martí",64,"Camp de l'Arpa del Clot",3,14946
2017,10,"Sant Martí",64,"Camp de l'Arpa del Clot",4,14432
2017,10,"Sant Martí",64,"Camp de l'Arpa del Clot",5,15254
2017,10,"Sant Martí",64,"Camp de l'Arpa del Clot",6,15346
2017,10,"Sant Martí",64,"Camp de l'Arpa del Clot",7,19766
2017,10,"Sant Martí",64,"Camp de l'Arpa del Clot",8,15373
2017,10,"Sant Martí",64,"Camp de l'Arpa del Clot",9,16092
2017,10,"Sant Martí",64,"Camp de l'Arpa del Clot",10,14250
2017,10,"Sant Martí",64,"Camp de l'Arpa del Clot",11,16140
2017,10,"Sant Martí",64,"Camp de l'Arpa del Clot",12,16133
2017,10,"Sant Martí",64,"Camp de l'Arpa del Clot",13,14470
2017,10,"Sant Martí",64,"Camp de l'Arpa del Clot",14,14829
2017,10,"Sant Martí",64,"Camp de l'Arpa del Clot",15,16378
2017,10,"Sant Martí",64,"Camp de l'Arpa del Clot",16,16238
2017,10,"Sant Martí",64,"Camp de l'Arpa del Clot",17,14375
2017,10,"Sant Martí",64,"Camp de l'Arpa del Clot",18,13481
2017,10,"Sant Martí",64,"Camp de l'Arpa del Clot",19,14298
2017,10,"Sant Martí",64,"Camp de l'Arpa del Clot",20,12906
2017,10,"Sant Martí",64,"Camp de l'Arpa del Clot",21,12867
2017,10,"Sant Martí",64,"Camp de l'Arpa del Clot",22,14491
2017,10,"Sant Martí",64,"Camp de l'Arpa del Clot",23,13817
2017,10,"Sant Martí",64,"Camp de l'Arpa del Clot",24,14914
2017,10,"Sant Martí",64,"Camp de l'Arpa del Clot",25,14077
2017,10,"Sant Martí",65,"el Clot",26,15054
2017,10,"Sant Martí",65,"el Clot",27,14787
2017,10,"Sant Martí",65,"el Clot",28,14285
2017,10,"Sant Martí",65,"el Clot",29,13068
2017,10,"Sant Martí",65,"el Clot",30,14410
2017,10,"Sant Martí",65,"el Clot",31,14296
2017,10,"Sant Martí",65,"el Clot",32,14871
2017,10,"Sant Martí",65,"el Clot",33,17421
2017,10,"Sant Martí",65,"el Clot",34,13950
2017,10,"Sant Martí",65,"el Clot",35,15687
2017,10,"Sant Martí",65,"el Clot",36,15839
2017,10,"Sant Martí",65,"el Clot",37,11794
2017,10,"Sant Martí",65,"el Clot",38,14547
2017,10,"Sant Martí",65,"el Clot",39,12964
2017,10,"Sant Martí",65,"el Clot",40,14438
2017,10,"Sant Martí",65,"el Clot",41,14872
2017,10,"Sant Martí",66,"el Parc i la Llacuna del Poblenou",42,12803
2017,10,"Sant Martí",66,"el Parc i la Llacuna del Poblenou",43,13053
2017,10,"Sant Martí",66,"el Parc i la Llacuna del Poblenou",44,14944
2017,10,"Sant Martí",66,"el Parc i la Llacuna del Poblenou",45,17373
2017,10,"Sant Martí",66,"el Parc i la Llacuna del Poblenou",46,16954
2017,10,"Sant Martí",66,"el Parc i la Llacuna del Poblenou",47,16780
2017,10,"Sant Martí",66,"el Parc i la Llacuna del Poblenou",48,16059
2017,10,"Sant Martí",66,"el Parc i la Llacuna del Poblenou",49,16015
2017,10,"Sant Martí",66,"el Parc i la Llacuna del Poblenou",50,16104
2017,10,"Sant Martí",67,"la Vila Olímpica del Poblenou",51,17496
2017,10,"Sant Martí",67,"la Vila Olímpica del Poblenou",52,22065
2017,10,"Sant Martí",67,"la Vila Olímpica del Poblenou",53,24406
2017,10,"Sant Martí",67,"la Vila Olímpica del Poblenou",54,21299
2017,10,"Sant Martí",67,"la Vila Olímpica del Poblenou",55,24117
2017,10,"Sant Martí",68,"el Poblenou",56,12820
2017,10,"Sant Martí",68,"el Poblenou",57,13299
2017,10,"Sant Martí",68,"el Poblenou",58,13142
2017,10,"Sant Martí",68,"el Poblenou",59,15703
2017,10,"Sant Martí",68,"el Poblenou",60,13587
2017,10,"Sant Martí",68,"el Poblenou",61,17210
2017,10,"Sant Martí",68,"el Poblenou",62,17183
2017,10,"Sant Martí",68,"el Poblenou",63,16097
2017,10,"Sant Martí",68,"el Poblenou",64,15899
2017,10,"Sant Martí",68,"el Poblenou",65,16078
2017,10,"Sant Martí",68,"el Poblenou",66,15545
2017,10,"Sant Martí",68,"el Poblenou",67,20163
2017,10,"Sant Martí",68,"el Poblenou",68,16949
2017,10,"Sant Martí",68,"el Poblenou",69,16640
2017,10,"Sant Martí",68,"el Poblenou",70,13977
2017,10,"Sant Martí",68,"el Poblenou",71,16570
2017,10,"Sant Martí",68,"el Poblenou",72,14339
2017,10,"Sant Martí",68,"el Poblenou",73,13303
2017,10,"Sant Martí",68,"el Poblenou",74,13952
2017,10,"Sant Martí",68,"el Poblenou",75,13733
2017,10,"Sant Martí",69,"Diagonal Mar i el Front Marítim del Poblenou",76,16626
2017,10,"Sant Martí",69,"Diagonal Mar i el Front Marítim del Poblenou",77,18716
2017,10,"Sant Martí",69,"Diagonal Mar i el Front Marítim del Poblenou",78,19030
2017,10,"Sant Martí",69,"Diagonal Mar i el Front Marítim del Poblenou",79,16581
2017,10,"Sant Martí",69,"Diagonal Mar i el Front Marítim del Poblenou",80,21014
2017,10,"Sant Martí",70,"el Besòs i el Maresme",81,10484
2017,10,"Sant Martí",70,"el Besòs i el Maresme",82,6957
2017,10,"Sant Martí",70,"el Besòs i el Maresme",83,6361
2017,10,"Sant Martí",70,"el Besòs i el Maresme",84,8472
2017,10,"Sant Martí",70,"el Besòs i el Maresme",85,7954
2017,10,"Sant Martí",70,"el Besòs i el Maresme",86,8742
2017,10,"Sant Martí",70,"el Besòs i el Maresme",87,9065
2017,10,"Sant Martí",70,"el Besòs i el Maresme",88,12317
2017,10,"Sant Martí",70,"el Besòs i el Maresme",89,8972
2017,10,"Sant Martí",70,"el Besòs i el Maresme",90,10104
2017,10,"Sant Martí",70,"el Besòs i el Maresme",91,11350
2017,10,"Sant Martí",70,"el Besòs i el Maresme",92,13494
2017,10,"Sant Martí",70,"el Besòs i el Maresme",93,14373
2017,10,"Sant Martí",71,"Provençals del Poblenou",94,16668
2017,10,"Sant Martí",71,"Provençals del Poblenou",95,12364
2017,10,"Sant Martí",71,"Provençals del Poblenou",96,16474
2017,10,"Sant Martí",71,"Provençals del Poblenou",97,16026
2017,10,"Sant Martí",71,"Provençals del Poblenou",98,14246
2017,10,"Sant Martí",71,"Provençals del Poblenou",99,10802
2017,10,"Sant Martí",71,"Provençals del Poblenou",100,12886
2017,10,"Sant Martí",71,"Provençals del Poblenou",101,13147
2017,10,"Sant Martí",71,"Provençals del Poblenou",102,12033
2017,10,"Sant Martí",71,"Provençals del Poblenou",103,13543
2017,10,"Sant Martí",71,"Provençals del Poblenou",104,15253
2017,10,"Sant Martí",72,"Sant Martí de Provençals",105,13526
2017,10,"Sant Martí",72,"Sant Martí de Provençals",106,14004
2017,10,"Sant Martí",72,"Sant Martí de Provençals",107,16764
2017,10,"Sant Martí",72,"Sant Martí de Provençals",108,13332
2017,10,"Sant Martí",72,"Sant Martí de Provençals",109,12763
2017,10,"Sant Martí",72,"Sant Martí de Provençals",110,12333
2017,10,"Sant Martí",72,"Sant Martí de Provençals",111,13187
2017,10,"Sant Martí",72,"Sant Martí de Provençals",112,16701
2017,10,"Sant Martí",72,"Sant Martí de Provençals",113,12751
2017,10,"Sant Martí",72,"Sant Martí de Provençals",114,11320
2017,10,"Sant Martí",72,"Sant Martí de Provençals",115,12677
2017,10,"Sant Martí",72,"Sant Martí de Provençals",116,11578
2017,10,"Sant Martí",72,"Sant Martí de Provençals",117,12697
2017,10,"Sant Martí",72,"Sant Martí de Provençals",118,16445
2017,10,"Sant Martí",72,"Sant Martí de Provençals",119,12240
2017,10,"Sant Martí",72,"Sant Martí de Provençals",120,12404
2017,10,"Sant Martí",72,"Sant Martí de Provençals",121,12285
2017,10,"Sant Martí",72,"Sant Martí de Provençals",122,15225
2017,10,"Sant Martí",73,"la Verneda i la Pau",123,12428
2017,10,"Sant Martí",73,"la Verneda i la Pau",124,13722
2017,10,"Sant Martí",73,"la Verneda i la Pau",125,12392
2017,10,"Sant Martí",73,"la Verneda i la Pau",126,14099
2017,10,"Sant Martí",73,"la Verneda i la Pau",127,13905
2017,10,"Sant Martí",73,"la Verneda i la Pau",128,14537
2017,10,"Sant Martí",73,"la Verneda i la Pau",129,14183
2017,10,"Sant Martí",73,"la Verneda i la Pau",130,13434
2017,10,"Sant Martí",73,"la Verneda i la Pau",131,15045
2017,10,"Sant Martí",73,"la Verneda i la Pau",132,12199
2017,10,"Sant Martí",73,"la Verneda i la Pau",133,12060
2017,10,"Sant Martí",73,"la Verneda i la Pau",134,11892
2017,10,"Sant Martí",73,"la Verneda i la Pau",135,12015
2017,10,"Sant Martí",73,"la Verneda i la Pau",136,12514
2017,10,"Sant Martí",73,"la Verneda i la Pau",137,10558
2017,10,"Sant Martí",73,"la Verneda i la Pau",138,9836
2017,10,"Sant Martí",73,"la Verneda i la Pau",139,10755
2017,10,"Sant Martí",73,"la Verneda i la Pau",140,10410
2017,10,"Sant Martí",73,"la Verneda i la Pau",141,11158
2017,10,"Sant Martí",73,"la Verneda i la Pau",142,9754
2017,10,"Sant Martí",73,"la Verneda i la Pau",143,10913
2017,10,"Sant Martí",65,"el Clot",234,13673
2017,10,"Sant Martí",69,"Diagonal Mar i el Front Marítim del Poblenou",235,12440
2017,10,"Sant Martí",69,"Diagonal Mar i el Front Marítim del Poblenou",236,13353
2017,10,"Sant Martí",71,"Provençals del Poblenou",237,11997